{"columns":["dates","vader_mean","vader_std","volume","mean_exist","std_exist"],"index":[0,1,2,3,4,5,6,7,8,9,10,11,12,13,14,15,16,17,18,19,20,21,22,23,24,25,26,27,28,29,30,31,32,33,34,35,36,37,38,39,40,41,42,43,44,45,46,47,48,49,50,51,52,53,54,55,56,57,58,59,60,61,62,63,64,65,66,67,68,69,70,71,72,73,74,75,76,77,78,79,80,81,82,83,84,85,86,87,88,89,90,91,92,93,94,95,96,97,98,99,100,101,102,103,104,105,106,107,108,109,110,111,112,113,114,115,116,117,118,119,120,121,122,123,124,125,126,127],"data":[[1546387200000,0.5116964286,0.3675597585,28.0,1.0,1.0],[1546473600000,0.2174642857,0.455393854,28.0,1.0,1.0],[1546560000000,0.3887918367,0.3327819129,49.0,1.0,1.0],[1546819200000,0.3325947368,0.3912836755,38.0,1.0,1.0],[1546905600000,0.3341319149,0.3836651416,47.0,1.0,1.0],[1546992000000,0.3264943396,0.3783440615,53.0,1.0,1.0],[1547078400000,0.3684555556,0.3629612232,45.0,1.0,1.0],[1547164800000,0.3076462687,0.4244860602,67.0,1.0,1.0],[1547424000000,0.3665707317,0.3637968672,41.0,1.0,1.0],[1547510400000,0.385738806,0.3850549835,67.0,1.0,1.0],[1547596800000,0.3861153846,0.312915701,52.0,1.0,1.0],[1547683200000,0.3504392857,0.4496032341,56.0,1.0,1.0],[1547769600000,0.3123806452,0.4257755689,186.0,1.0,1.0],[1548115200000,0.3551775,0.4100461892,40.0,1.0,1.0],[1548201600000,0.3503652174,0.4402584435,46.0,1.0,1.0],[1548288000000,0.2868067797,0.4838060467,59.0,1.0,1.0],[1548374400000,0.3059969072,0.4191288692,97.0,1.0,1.0],[1548633600000,0.4596979592,0.3175231301,49.0,1.0,1.0],[1548720000000,0.4335852941,0.3306938687,34.0,1.0,1.0],[1548806400000,0.34569,0.426144891,50.0,1.0,1.0],[1548892800000,0.4362949153,0.3966552563,59.0,1.0,1.0],[1548979200000,0.3280483516,0.4543251003,91.0,1.0,1.0],[1549238400000,0.3540083333,0.4624997367,60.0,1.0,1.0],[1549324800000,0.439424,0.3881035494,50.0,1.0,1.0],[1549411200000,0.2949166667,0.4387009016,66.0,1.0,1.0],[1549497600000,0.4779185185,0.3487420511,54.0,1.0,1.0],[1549584000000,0.4117138889,0.4035697793,72.0,1.0,1.0],[1549843200000,0.3750410256,0.3735792592,39.0,1.0,1.0],[1549929600000,0.4101314815,0.3790115433,54.0,1.0,1.0],[1550016000000,0.3284036364,0.3990820731,55.0,1.0,1.0],[1550102400000,0.3472509804,0.4133381668,51.0,1.0,1.0],[1550188800000,0.4504404762,0.3225245671,126.0,1.0,1.0],[1550534400000,0.5188078947,0.3624096224,38.0,1.0,1.0],[1550620800000,0.3022181818,0.4652722038,55.0,1.0,1.0],[1550707200000,0.3273261905,0.3613865508,42.0,1.0,1.0],[1550793600000,0.303889899,0.4192346679,99.0,1.0,1.0],[1551052800000,0.451815625,0.3200297292,64.0,1.0,1.0],[1551139200000,0.3611461538,0.4148091593,52.0,1.0,1.0],[1551225600000,0.477486,0.3355038927,50.0,1.0,1.0],[1551312000000,0.36347,0.3596159154,40.0,1.0,1.0],[1551398400000,0.3654343284,0.4552204939,67.0,1.0,1.0],[1551657600000,0.4549222222,0.3499522722,45.0,1.0,1.0],[1551744000000,0.38636,0.388320361,50.0,1.0,1.0],[1551830400000,0.450016129,0.3892644089,31.0,1.0,1.0],[1551916800000,0.2669645833,0.4844897847,48.0,1.0,1.0],[1552003200000,0.4173839506,0.4097844759,81.0,1.0,1.0],[1552262400000,0.3801958333,0.3187219804,48.0,1.0,1.0],[1552348800000,0.4602204545,0.4463203444,44.0,1.0,1.0],[1552435200000,0.2833357143,0.4705239209,56.0,1.0,1.0],[1552521600000,0.3612808219,0.3634778185,73.0,1.0,1.0],[1552608000000,0.3382,0.4557068734,86.0,1.0,1.0],[1552867200000,0.3454755102,0.3507393163,49.0,1.0,1.0],[1552953600000,0.4576234043,0.2610611204,47.0,1.0,1.0],[1553040000000,0.4001442308,0.4086878103,52.0,1.0,1.0],[1553126400000,0.3063118644,0.4169684364,59.0,1.0,1.0],[1553212800000,0.3364102041,0.3929270077,98.0,1.0,1.0],[1553472000000,0.2577566667,0.4201158338,30.0,1.0,1.0],[1553558400000,0.3064490196,0.4374955715,51.0,1.0,1.0],[1553644800000,0.3553791667,0.3897505586,48.0,1.0,1.0],[1553731200000,0.2404326531,0.4384125163,49.0,1.0,1.0],[1553817600000,0.2837056818,0.4427025087,88.0,1.0,1.0],[1554076800000,0.3778837838,0.3143225968,37.0,1.0,1.0],[1554163200000,0.3511285714,0.3892481736,42.0,1.0,1.0],[1554249600000,0.3757157895,0.3982828651,57.0,1.0,1.0],[1554336000000,0.4094096774,0.3888149455,62.0,1.0,1.0],[1554422400000,0.3294656863,0.4718411536,102.0,1.0,1.0],[1554681600000,0.334762069,0.3874614797,29.0,1.0,1.0],[1554768000000,0.3528956522,0.3963773833,46.0,1.0,1.0],[1554854400000,0.3583191489,0.3974462044,47.0,1.0,1.0],[1554940800000,0.3614632653,0.4382182886,49.0,1.0,1.0],[1555027200000,0.3180764706,0.3691214838,85.0,1.0,1.0],[1555286400000,0.2122294118,0.5044665182,34.0,1.0,1.0],[1555372800000,0.2874530612,0.4361690934,49.0,1.0,1.0],[1555459200000,0.3754128205,0.4380336992,39.0,1.0,1.0],[1555545600000,0.3467807018,0.3663052954,114.0,1.0,1.0],[1555891200000,0.496540625,0.2712538017,32.0,1.0,1.0],[1555977600000,0.4746483333,0.2563106289,60.0,1.0,1.0],[1556064000000,0.3607521739,0.3606445364,46.0,1.0,1.0],[1556150400000,0.4632191781,0.2897776364,73.0,1.0,1.0],[1556236800000,0.4288988372,0.377733598,86.0,1.0,1.0],[1556496000000,0.4003324324,0.2804352245,37.0,1.0,1.0],[1556582400000,0.35729,0.3574332384,40.0,1.0,1.0],[1556668800000,0.37545,0.4135472978,40.0,1.0,1.0],[1556755200000,0.394864,0.3583119494,50.0,1.0,1.0],[1556841600000,0.4094246753,0.3550844312,77.0,1.0,1.0],[1557100800000,0.4654457627,0.3120911575,59.0,1.0,1.0],[1557187200000,0.3292965517,0.4026031733,58.0,1.0,1.0],[1557273600000,0.4400918919,0.3385362852,37.0,1.0,1.0],[1557360000000,0.3779959184,0.4213984076,49.0,1.0,1.0],[1557446400000,0.3966307692,0.3401665332,78.0,1.0,1.0],[1557705600000,0.2669645161,0.5063319959,31.0,1.0,1.0],[1557792000000,0.4229266667,0.3894134429,45.0,1.0,1.0],[1557878400000,0.2535192982,0.4259411039,57.0,1.0,1.0],[1557964800000,0.247927907,0.4380716838,43.0,1.0,1.0],[1558051200000,0.3712593023,0.4478174959,86.0,1.0,1.0],[1558310400000,0.4264566667,0.3881224538,30.0,1.0,1.0],[1558396800000,0.3270132075,0.4094178329,53.0,1.0,1.0],[1558483200000,0.3336225806,0.4435926966,31.0,1.0,1.0],[1558569600000,0.343062963,0.457235077,54.0,1.0,1.0],[1558656000000,0.329824359,0.4173225418,78.0,1.0,1.0],[1559001600000,0.3032925926,0.4411743142,27.0,1.0,1.0],[1559088000000,0.3260628571,0.4764269388,35.0,1.0,1.0],[1559174400000,0.5164891304,0.3014579134,46.0,1.0,1.0],[1559260800000,0.4172166667,0.416328015,90.0,1.0,1.0],[1559520000000,0.271947619,0.4304311776,42.0,1.0,1.0],[1559606400000,0.2640377358,0.3872111916,53.0,1.0,1.0],[1559692800000,0.3923896552,0.3548476865,58.0,1.0,1.0],[1559779200000,0.4541184211,0.2713362178,38.0,1.0,1.0],[1559865600000,0.2664024272,0.4571812517,206.0,1.0,1.0],[1560124800000,0.2754493976,0.4493679967,83.0,1.0,1.0],[1560211200000,0.3916328767,0.3807761454,73.0,1.0,1.0],[1560297600000,0.3936716418,0.3775034972,67.0,1.0,1.0],[1560384000000,0.23284375,0.3897558637,48.0,1.0,1.0],[1560470400000,0.4586315789,0.3629326852,76.0,1.0,1.0],[1560729600000,0.3949692308,0.3864046825,52.0,1.0,1.0],[1560816000000,0.385586,0.401657098,50.0,1.0,1.0],[1560902400000,0.4651177419,0.3491458834,62.0,1.0,1.0],[1560988800000,0.3587148148,0.4149085358,54.0,1.0,1.0],[1561075200000,0.4269337079,0.3767955733,89.0,1.0,1.0],[1561334400000,0.4053584906,0.3974475707,53.0,1.0,1.0],[1561420800000,0.3845934426,0.3964471109,61.0,1.0,1.0],[1561507200000,0.3237261905,0.4309909507,42.0,1.0,1.0],[1561593600000,0.2657225,0.4078178592,40.0,1.0,1.0],[1561680000000,0.4474115789,0.3090890309,95.0,1.0,1.0],[1561939200000,0.3237677419,0.4484695979,31.0,1.0,1.0],[1562025600000,0.4174804878,0.2742259085,41.0,1.0,1.0],[1562112000000,0.409752,0.3966581482,75.0,1.0,1.0],[1562284800000,0.4154333333,0.3720908356,39.0,1.0,1.0]]}