{"columns":["dates","vader_mean","vader_std","volume","mean_exist","std_exist"],"index":[0,1,2,3,4,5,6,7,8,9,10,11,12,13,14,15,16,17,18,19,20,21,22,23,24,25,26,27,28,29,30,31,32,33,34,35,36,37,38,39,40,41,42,43,44,45,46,47,48,49,50,51,52,53,54,55,56,57,58,59,60,61,62,63,64,65,66,67,68,69,70,71,72,73,74,75,76,77,78,79,80,81,82,83,84,85,86,87,88,89,90,91,92,93,94,95,96,97,98,99,100,101,102,103,104,105,106,107,108,109,110,111,112,113,114,115,116,117,118,119,120,121,122,123,124,125,126,127,128,129,130,131,132,133,134,135,136,137,138,139,140,141,142,143,144,145,146,147,148,149,150,151,152,153,154,155,156,157,158,159,160,161,162,163,164,165,166,167,168,169,170,171,172,173,174,175,176,177,178,179,180,181,182,183,184,185,186,187,188,189,190,191,192,193,194,195,196,197,198,199,200,201,202,203,204,205,206,207,208,209,210,211,212,213,214,215,216,217,218,219,220,221,222,223,224,225,226,227,228,229,230,231,232,233,234,235,236,237,238,239,240,241,242,243,244,245,246,247,248,249,250,251,252,253,254,255,256,257,258,259,260,261,262,263,264,265,266,267,268,269,270,271,272,273,274,275,276,277,278,279,280,281,282,283,284,285,286,287,288,289,290,291,292,293,294,295,296,297,298,299,300,301,302,303,304,305,306,307,308,309,310,311,312,313,314,315,316,317,318,319,320,321,322,323,324,325,326,327,328,329,330,331,332,333,334,335,336,337,338,339,340,341,342,343,344,345,346,347,348,349,350,351,352,353,354,355,356,357,358,359,360,361,362,363,364,365,366,367,368,369,370,371,372,373,374,375,376,377,378,379],"data":[[1514851200000,0.61095,0.19105,2.0,1.0,1.0],[1514937600000,0.3580333333,0.2850422815,3.0,1.0,1.0],[1515024000000,-0.0645,0.4228563282,7.0,1.0,1.0],[1515110400000,0.1625,0.2335013633,3.0,1.0,1.0],[1515369600000,0.456325,0.3701688019,4.0,1.0,1.0],[1515456000000,0.301475,0.4684315178,4.0,1.0,1.0],[1515542400000,-0.00975,0.34975,2.0,1.0,1.0],[1515628800000,-0.2263,0.0,1.0,1.0,1.0],[1515715200000,0.0713555556,0.4602368499,9.0,1.0,1.0],[1516060800000,0.3597692308,0.4289311355,0.0,0.0,0.0],[1516147200000,-0.1119,0.0,1.0,1.0,1.0],[1516233600000,0.0878,0.3141,2.0,1.0,1.0],[1516320000000,0.1489142857,0.4978544148,7.0,1.0,1.0],[1516579200000,-0.6908,0.0,1.0,1.0,1.0],[1516665600000,-0.06792,0.4194304729,5.0,1.0,1.0],[1516752000000,0.1676333333,0.6548239271,6.0,1.0,1.0],[1516838400000,0.5106,0.0,2.0,1.0,1.0],[1516924800000,0.4847,0.0259,4.0,1.0,1.0],[1517184000000,0.5093,0.0,1.0,1.0,1.0],[1517270400000,0.503,0.2524460239,4.0,1.0,1.0],[1517356800000,0.2588,0.1816,2.0,1.0,1.0],[1517443200000,-0.093475,0.4632165011,4.0,1.0,1.0],[1517529600000,0.3197666667,0.394480936,3.0,1.0,1.0],[1517788800000,0.5292666667,0.1338317435,3.0,1.0,1.0],[1517875200000,0.3989,0.5590949651,3.0,1.0,1.0],[1517961600000,0.2263,0.0,1.0,1.0,1.0],[1518048000000,0.6261,0.0,1.0,1.0,1.0],[1518134400000,0.0939333333,0.3482988739,6.0,1.0,1.0],[1518393600000,0.3531666667,0.5696671913,6.0,1.0,1.0],[1518480000000,0.08084,0.6493344088,5.0,1.0,1.0],[1518566400000,0.0044,0.714,2.0,1.0,1.0],[1518652800000,0.03295,0.74255,2.0,1.0,1.0],[1518739200000,0.26025,0.05795,4.0,1.0,1.0],[1519084800000,0.3102,0.3561299412,8.0,1.0,1.0],[1519171200000,0.3731666667,0.1936831146,6.0,1.0,1.0],[1519257600000,0.5719,0.0,2.0,1.0,1.0],[1519344000000,0.0359666667,0.5979501057,6.0,1.0,1.0],[1519603200000,-0.1531,0.0,1.0,1.0,1.0],[1519689600000,-0.00235,0.79875,2.0,1.0,1.0],[1519776000000,0.7424,0.0,1.0,1.0,1.0],[1519862400000,0.6486,0.0,1.0,1.0,1.0],[1519948800000,0.4724,0.0,1.0,1.0,1.0],[1520208000000,0.1996,0.0736,2.0,1.0,1.0],[1520294400000,0.3597692308,0.4289311355,0.0,0.0,0.0],[1520380800000,-0.0726,0.3628549389,3.0,1.0,1.0],[1520467200000,0.1634666667,0.3087699611,3.0,1.0,1.0],[1520553600000,0.1371333333,0.4221685195,6.0,1.0,1.0],[1520812800000,0.3597692308,0.4289311355,0.0,0.0,0.0],[1520899200000,0.30195,0.4011503066,10.0,1.0,1.0],[1520985600000,-0.2664714286,0.3552304311,7.0,1.0,1.0],[1521072000000,-0.3710666667,0.3708204807,3.0,1.0,1.0],[1521158400000,0.2432833333,0.3839544436,6.0,1.0,1.0],[1521417600000,0.35225,0.37805,2.0,1.0,1.0],[1521504000000,0.2906,0.3127216151,7.0,1.0,1.0],[1521590400000,0.3645,0.2845362133,12.0,1.0,1.0],[1521676800000,0.1528666667,0.3890535724,6.0,1.0,1.0],[1521763200000,0.23932,0.5073178625,5.0,1.0,1.0],[1522022400000,0.33495,0.08495,2.0,1.0,1.0],[1522108800000,0.3597692308,0.4289311355,0.0,0.0,0.0],[1522195200000,0.4767,0.0,1.0,1.0,1.0],[1522281600000,0.18512,0.329166313,5.0,1.0,1.0],[1522627200000,0.3597692308,0.4289311355,0.0,0.0,0.0],[1522713600000,0.5803,0.0,1.0,1.0,1.0],[1522800000000,0.4598,0.2098,2.0,1.0,1.0],[1522886400000,0.4738,0.0,1.0,1.0,1.0],[1522972800000,0.5868909091,0.4775043578,11.0,1.0,1.0],[1523232000000,0.6781333333,0.0719719544,3.0,1.0,1.0],[1523318400000,0.1155,0.5477384473,3.0,1.0,1.0],[1523404800000,0.3159,0.0659,2.0,1.0,1.0],[1523491200000,0.145325,0.3724564631,4.0,1.0,1.0],[1523577600000,0.3499111111,0.4052404401,9.0,1.0,1.0],[1523836800000,0.393175,0.4704388237,4.0,1.0,1.0],[1523923200000,0.2671,0.3443,2.0,1.0,1.0],[1524009600000,0.6384666667,0.2592671895,3.0,1.0,1.0],[1524096000000,0.5557,0.1530940642,16.0,1.0,1.0],[1524182400000,0.1175083333,0.2317413805,12.0,1.0,1.0],[1524441600000,0.0060666667,0.3582301898,3.0,1.0,1.0],[1524528000000,0.25825,0.28405,2.0,1.0,1.0],[1524614400000,0.5106,0.0,1.0,1.0,1.0],[1524700800000,0.4019,0.0,2.0,1.0,1.0],[1524787200000,0.6826333333,0.0921507581,3.0,1.0,1.0],[1525046400000,0.4404,0.0,2.0,1.0,1.0],[1525132800000,0.55545,0.11505,2.0,1.0,1.0],[1525219200000,0.64986,0.2459312717,5.0,1.0,1.0],[1525305600000,0.26665,0.36935,2.0,1.0,1.0],[1525392000000,0.4574,0.0,1.0,1.0,1.0],[1525651200000,-0.4588,0.0,1.0,1.0,1.0],[1525737600000,0.3597692308,0.4289311355,0.0,0.0,0.0],[1525824000000,0.3597692308,0.4289311355,0.0,0.0,0.0],[1525910400000,0.3597692308,0.4289311355,0.0,0.0,0.0],[1525996800000,0.2003,0.0,1.0,1.0,1.0],[1526256000000,0.42755,0.06635,2.0,1.0,1.0],[1526342400000,0.3490333333,0.4604489138,3.0,1.0,1.0],[1526428800000,0.567975,0.1193816019,4.0,1.0,1.0],[1526515200000,0.32984,0.4585755057,10.0,1.0,1.0],[1526601600000,0.7724,0.1432152526,14.0,1.0,1.0],[1526860800000,0.3597692308,0.4289311355,0.0,0.0,0.0],[1526947200000,0.2655,0.7046418286,3.0,1.0,1.0],[1527033600000,0.22655,0.49975,2.0,1.0,1.0],[1527120000000,-0.2732,0.0,1.0,1.0,1.0],[1527206400000,0.1221,0.4057536346,5.0,1.0,1.0],[1527552000000,0.4215,0.0,1.0,1.0,1.0],[1527638400000,0.3597692308,0.4289311355,0.0,0.0,0.0],[1527724800000,0.3597692308,0.4289311355,0.0,0.0,0.0],[1527811200000,0.3597692308,0.4289311355,0.0,0.0,0.0],[1528070400000,0.3597692308,0.4289311355,0.0,0.0,0.0],[1528156800000,0.3597692308,0.4289311355,0.0,0.0,0.0],[1528243200000,0.09708,0.4633063021,5.0,1.0,1.0],[1528329600000,0.25,0.0,1.0,1.0,1.0],[1528416000000,0.2473,0.4595838739,14.0,1.0,1.0],[1528675200000,0.3597692308,0.4289311355,0.0,0.0,0.0],[1528761600000,0.9694,0.0,2.0,1.0,1.0],[1528848000000,0.2872666667,0.4069717462,6.0,1.0,1.0],[1528934400000,0.7184,0.0,2.0,1.0,1.0],[1529020800000,0.4208666667,0.0268229172,6.0,1.0,1.0],[1529280000000,-0.15934,0.3639386465,5.0,1.0,1.0],[1529366400000,0.43115,0.20485,2.0,1.0,1.0],[1529452800000,-0.4501,0.0,1.0,1.0,1.0],[1529539200000,0.3879,0.518015965,3.0,1.0,1.0],[1529625600000,0.1838,0.2211736573,3.0,1.0,1.0],[1529884800000,0.2202666667,0.4924772234,3.0,1.0,1.0],[1529971200000,0.100225,0.4242475773,4.0,1.0,1.0],[1530057600000,0.1941,0.3472,2.0,1.0,1.0],[1530144000000,0.8172,0.0,1.0,1.0,1.0],[1530230400000,0.4674666667,0.3233860988,3.0,1.0,1.0],[1530489600000,0.1871333333,0.1411395842,6.0,1.0,1.0],[1530576000000,0.504725,0.1033436591,8.0,1.0,1.0],[1530748800000,0.337625,0.4240036461,8.0,1.0,1.0],[1530835200000,0.0857,0.0,4.0,1.0,1.0],[1531094400000,0.3597692308,0.4289311355,0.0,0.0,0.0],[1531180800000,0.3597692308,0.4289311355,0.0,0.0,0.0],[1531267200000,0.6843,0.2255,4.0,1.0,1.0],[1531353600000,0.3597692308,0.4289311355,0.0,0.0,0.0],[1531440000000,0.3597692308,0.4289311355,0.0,0.0,0.0],[1531699200000,0.3034333333,0.4661754343,3.0,1.0,1.0],[1531785600000,-0.0756,0.4488792785,3.0,1.0,